uuid,id,name,modificationDate
37d8c8c4-5519-4dbe-bffa-5864e94a9ab4,4,Bankers House,6/26/2017 13:35
99da7469-66c0-44ed-b69a-74590b390297,13,Bochners House,7/10/2017 6:54
4ea71136-495b-48cb-8ed3-d40f7494cb90,11,Donohue's House,7/5/2017 16:09
1f796080-5573-429b-8120-b77d531f6940,7,Eco Leader Appt,6/27/2017 15:13
3dae1b9f-39ab-4668-8f02-bc2db05d4641,12,Grandmas House,7/9/2017 10:25
3b99fcb1-dc4f-43d7-b259-57bc9debc691,2,Home,6/26/2017 13:23
5aa5e3ac-ac90-466b-90dc-c470bec518d6,6,Michaels House,7/5/2017 16:08
7b32ee45-69b7-4a88-aa0f-def492f96b25,8,Mountains,6/28/2017 6:30
96ddf926-1e47-4890-9451-2ad1afc25aa5,3,Pi√±on,6/26/2017 13:23
ce04ac09-552d-47b8-bfc8-5f602d9df842,5,REI,6/26/2017 15:40
05920faf-5451-493d-9539-9c45802f11b6,1,ScoreGeek,6/26/2017 7:59
31406ae0-c0f0-4db0-a52d-690d45f41c4a,10,St Thomas Moore,7/5/2017 16:08
